"((1, 2), (3, 4))",6.9754499999999995,9.3006,11.62575,13.950899999999999,16.276049999999998,18.6012,20.92635,23.2515,25.576649999999997,27.901799999999998,30.22695,32.552099999999996,34.87725,37.2024,39.52755,41.8527,44.17785,46.503,48.828149999999994,51.153299999999994,53.478449999999995,55.803599999999996,58.12875,60.4539,62.77905,65.10419999999999,67.42935,69.7545,72.07965,74.4048,76.72994999999999,79.0551,81.38024999999999,83.7054,86.03054999999999,88.3557,90.68084999999999,93.006,95.33115,97.65629999999999,99.98145,102.30659999999999,104.63175,106.95689999999999,109.28205,111.60719999999999,113.93234999999999,116.2575,118.58264999999999,120.9078,123.23294999999999,125.5581,127.88324999999999,130.20839999999998,132.53355,134.8587,137.18384999999998,139.509,141.83415,144.1593,146.48444999999998,148.8096,151.13475,153.45989999999998,155.78504999999998,158.1102,160.43535,162.76049999999998
"((1, 2), (3, 4))",-4.381384170857463,-3.8162411546760584,-2.1188374219534003,-0.7058058177569012,1.5138550613028898,3.3089464095576253,4.102304283883208,4.419377364405757,4.207017628896283,3.849166572772593,2.5942833520310606,1.6490910381241017,-0.26066688606893035,-1.8581515686461467,-3.361383472981764,-4.407517951344456,-4.900940805896639,-5.201892123462679,-4.485550029444629,-3.534318797130142,-1.9324299352212693,-0.6533107197840649,1.1065511516690758,1.8929031202553765,2.607604899518518,2.7338338014655608,1.9757759905981265,1.2812053476425516,-0.12811324904573998,-0.8438739968168001,-2.9358702143815107,-4.069861787806695,-4.738714777628344,-5.36130030962397,-5.197098618280285,-4.817180439178002,-3.600500992829404,-2.309677498318097,-0.10554717780849879,1.3067677980937442,2.7190370196085674,3.590768861431282,4.414604215102862,4.442558427967211,3.7867553153931404,3.3986207226633627,1.1886175019462226,-0.20105378989070366,-2.1373444257983154,-3.3761407449812864,-4.268565082537098,-4.695157253463622,-4.359255259540379,-4.078541617293645,-2.3263154304959968,-1.7931541012722236,0.13829760538560087,1.135918445329931,1.9478071128564607,3.051523525273201,2.8539144565250276,2.3624996369651576,1.4804228914053796,0.3144711031541095,-1.2405647843161092,-2.30348917976179,-4.156727353984963,-4.642624652372214
"((1, 2), (4, 5))",6.9754499999999995,9.3006,11.62575,13.950899999999999,16.276049999999998,18.6012,20.92635,23.2515,25.576649999999997,27.901799999999998,30.22695,32.552099999999996,34.87725,37.2024,39.52755,41.8527,44.17785,46.503,48.828149999999994,51.153299999999994,53.478449999999995,55.803599999999996,58.12875,60.4539,62.77905,65.10419999999999,67.42935,69.7545,72.07965,74.4048,76.72994999999999,79.0551,81.38024999999999,83.7054,86.03054999999999,88.3557,90.68084999999999,93.006,95.33115,97.65629999999999,99.98145,102.30659999999999,104.63175,106.95689999999999,109.28205,111.60719999999999,113.93234999999999,116.2575,118.58264999999999,120.9078,123.23294999999999,125.5581,127.88324999999999,130.20839999999998,132.53355,134.8587,137.18384999999998,139.509,141.83415,144.1593,146.48444999999998,148.8096,151.13475,153.45989999999998,155.78504999999998,158.1102,160.43535,162.76049999999998
"((1, 2), (4, 5))",3.1282538575341974,3.052969530863433,2.9481315022848182,2.603099527250979,2.5744671762107876,2.845895067786394,2.659335160000074,2.3692568169998225,2.357967331306252,2.2592973741924745,2.237563807763542,2.364389698726446,2.1985325716117483,2.0381130105679093,2.2654317707061455,2.2290981740671874,2.2912335884595776,2.5661590149964524,2.186291034195692,1.8029931158007433,2.32475324162431,2.2894408763610956,2.2129031529561796,1.4160824931307057,2.0438291203301864,1.9150582851026614,1.6075103274306155,1.9680732308402102,1.6346264627255307,1.4579837367153148,1.9755447028871902,1.3821335608282768,1.3165894982290265,1.575155559073282,1.4992895626197482,1.6360168175777046,1.0944576885161172,1.4964431609601168,1.2752548611652819,1.0633320990915298,1.063543924749938,1.1028551863836638,1.2283725919215756,1.2683807797523425,0.6451178474337051,1.3902283046356223,0.46628792992364715,0.8221294366601558,0.422932928302623,0.0673292994138428,0.10255327574749423,0.5051168613437194,0.14607085506803902,0.18650563473567816,0.1701290305123379,0.0754580962391818,0.11829285896592219,0.2776983306971574,-0.058423969842838444,0.0459304636874846,-0.5251098468219314,0.07556414498018599,0.19824086902046908,-0.07342531140951006,-0.25588642472826306,-0.019002747853318746,0.19358866142423825,0.29799952361971355
"((1, 2), (5, 6))",6.9754499999999995,9.3006,11.62575,13.950899999999999,16.276049999999998,18.6012,20.92635,23.2515,25.576649999999997,27.901799999999998,30.22695,32.552099999999996,34.87725,37.2024,39.52755,41.8527,44.17785,46.503,48.828149999999994,51.153299999999994,53.478449999999995,55.803599999999996,58.12875,60.4539,62.77905,65.10419999999999,67.42935,69.7545,72.07965,74.4048,76.72994999999999,79.0551,81.38024999999999,83.7054,86.03054999999999,88.3557,90.68084999999999,93.006,95.33115,97.65629999999999,99.98145,102.30659999999999,104.63175,106.95689999999999,109.28205,111.60719999999999,113.93234999999999,116.2575,118.58264999999999,120.9078,123.23294999999999,125.5581,127.88324999999999,130.20839999999998,132.53355,134.8587,137.18384999999998,139.509,141.83415,144.1593,146.48444999999998,148.8096,151.13475,153.45989999999998,155.78504999999998,158.1102,160.43535,162.76049999999998
"((1, 2), (5, 6))",0.4057477904088576,0.6200334032608804,0.7186943486757411,0.7651526254279314,1.3662027063481708,1.385128262549017,1.3392564947628605,1.121761597887436,1.3652420858413206,1.340315470566533,0.73559131936924,0.9420116865200051,0.7278110827371492,0.90211336544141,1.2146810521596967,0.01794100162434562,0.8812662795442066,0.8041790146209826,0.8392214106254035,0.4553598658179505,0.6517999239203026,1.1443463326322523,1.1392981631104204,1.1749489131502566,1.4167969958957203,1.1526876663547005,1.3051848641916688,1.232198720592529,0.7902126019725583,1.0904758642255175,0.7842479544912496,0.8699882131426715,0.5145477220061538,0.5834483871138743,0.9403453879519639,0.5916340296342235,0.8051199452885885,0.6387778268656011,0.6761513626303847,0.8344240473068074,1.3060392587028082,1.122349140213594,1.358951633849404,1.2333029444420178,1.0403805252498628,1.3224594923208985,1.0813665410550155,1.1255901651744347,0.9399429224732019,0.868411355549386,1.033968231773174,0.9014645016754848,0.9063354915315107,0.8621531149037007,1.1522359044135106,0.942210065713326,1.4464323559959789,0.9738244628419378,1.1070185509666999,1.5534961204086184,1.4454174930254415,1.4803754943683416,1.2362564420968034,1.6182856943823656,1.2984102190821603,0.9184813169085405,1.0777821156106695,0.716375792635127
"((1, 2), (6, 7))",6.9754499999999995,9.3006,11.62575,13.950899999999999,16.276049999999998,18.6012,20.92635,23.2515,25.576649999999997,27.901799999999998,30.22695,32.552099999999996,34.87725,37.2024,39.52755,41.8527,44.17785,46.503,48.828149999999994,51.153299999999994,53.478449999999995,55.803599999999996,58.12875,60.4539,62.77905,65.10419999999999,67.42935,69.7545,72.07965,74.4048,76.72994999999999,79.0551,81.38024999999999,83.7054,86.03054999999999,88.3557,90.68084999999999,93.006,95.33115,97.65629999999999,99.98145,102.30659999999999,104.63175,106.95689999999999,109.28205,111.60719999999999,113.93234999999999,116.2575,118.58264999999999,120.9078,123.23294999999999,125.5581,127.88324999999999,130.20839999999998,132.53355,134.8587,137.18384999999998,139.509,141.83415,144.1593,146.48444999999998,148.8096,151.13475,153.45989999999998,155.78504999999998,158.1102,160.43535,162.76049999999998
"((1, 2), (6, 7))",-0.3742113004915764,-0.19929099742547962,-0.3977825960293396,-0.47472518256120305,0.23828827461230886,-0.0012808810269023135,0.7710326385911247,1.0757246426742861,1.2495042751290875,1.478449674103417,0.7313706352285385,0.7767170509180581,0.018096566213060494,0.0876209455886701,-0.0508247748039089,-0.24218203156983764,-1.043261265946209,-0.7609364328991886,-0.4038182248134445,-0.22253600086017516,-0.2721405841731486,0.25331953030078896,0.5498601182611046,1.0465048735628133,1.0647233523318613,0.5382678795986633,0.5620409555906691,0.8425967261581307,0.7398474851026772,0.3212275099056133,-0.01387647397327536,-0.06441827332215797,-0.19048409924440404,-0.6397935696842393,-0.19455111074552478,-0.01613356801376426,0.6871839919419459,0.37332718462922315,0.6232612218916512,0.8880352539154361,1.0545744213364558,0.7790450334370833,0.6348263473211493,0.5412948905141549,-0.3263819161073765,0.2016378486715226,-0.2997730459491047,-0.34505828655842274,-0.2029341213331951,0.13069392376153477,0.16186896667667713,0.2007935532047957,0.435476055853794,0.7361396829853313,0.8932072941304317,1.6556939254186644,1.0532115843581702,0.6423061484631912,0.4425931869103794,0.34339461433275625,0.21539378454406213,-0.14019583881228168,-0.0643131322772326,-0.06245412943026962,-0.2311582531592423,-0.2620693452662657,-0.09630407333159476,0.2542195357318292
"((1, 2), (7, 8))",6.9754499999999995,9.3006,11.62575,13.950899999999999,16.276049999999998,18.6012,20.92635,23.2515,25.576649999999997,27.901799999999998,30.22695,32.552099999999996,34.87725,37.2024,39.52755,41.8527,44.17785,46.503,48.828149999999994,51.153299999999994,53.478449999999995,55.803599999999996,58.12875,60.4539,62.77905,65.10419999999999,67.42935,69.7545,72.07965,74.4048,76.72994999999999,79.0551,81.38024999999999,83.7054,86.03054999999999,88.3557,90.68084999999999,93.006,95.33115,97.65629999999999,99.98145,102.30659999999999,104.63175,106.95689999999999,109.28205,111.60719999999999,113.93234999999999,116.2575,118.58264999999999,120.9078,123.23294999999999,125.5581,127.88324999999999,130.20839999999998,132.53355,134.8587,137.18384999999998,139.509,141.83415,144.1593,146.48444999999998,148.8096,151.13475,153.45989999999998,155.78504999999998,158.1102,160.43535,162.76049999999998
"((1, 2), (7, 8))",0.043668630890067645,0.160635691769873,0.3561516872748657,0.42301683792230005,0.7804642598281778,0.4473564923968444,0.47220420206004476,0.7196829010032261,0.4349576382274178,0.5598881028004704,-0.07596129587107775,-0.19796480688870394,-0.262289755762704,-0.6762128666944024,-0.6606102265152574,-0.8266016004851988,-0.47502541743199955,-0.1390793999295113,-0.46660127396095513,0.15374733345329644,0.5289547273697693,0.5225987448029296,0.8094664145722188,1.1934909604643025,0.7997167111481511,0.9695547883937953,0.34964017488944515,0.7376680773072183,0.13315750519610928,-0.01855625183440528,-0.15974061939434556,-0.37012371885472783,-0.2250018740817663,-0.20251264165899222,-0.2700551337076381,-0.39784103430403395,0.3837620401868564,0.24755965375806216,0.6328307109485558,0.21322083410596027,0.9098004004371347,0.7626262873404696,0.8394454522335546,0.6393880670472706,0.10978213640326867,0.4149972324773175,0.08505385219154105,-0.2299485637229305,-0.4784637669697734,-0.4642423990606145,-0.13618728342106157,-0.1778641705879819,0.5506813711445808,0.0417901159106732,0.481487323322242,0.7543804429475609,0.5446088230403108,1.1391338195833804,0.9708210561536995,1.4290082336078633,0.8004799812244939,0.4924837277753034,0.17087032314615216,0.18134121596658503,0.0738354590352113,-0.21853881879085682,-0.28323008448801706,-0.4128187924792445
"((2, 3), (4, 5))",6.9754499999999995,9.3006,11.62575,13.950899999999999,16.276049999999998,18.6012,20.92635,23.2515,25.576649999999997,27.901799999999998,30.22695,32.552099999999996,34.87725,37.2024,39.52755,41.8527,44.17785,46.503,48.828149999999994,51.153299999999994,53.478449999999995,55.803599999999996,58.12875,60.4539,62.77905,65.10419999999999,67.42935,69.7545,72.07965,74.4048,76.72994999999999,79.0551,81.38024999999999,83.7054,86.03054999999999,88.3557,90.68084999999999,93.006,95.33115,97.65629999999999,99.98145,102.30659999999999,104.63175,106.95689999999999,109.28205,111.60719999999999,113.93234999999999,116.2575,118.58264999999999,120.9078,123.23294999999999,125.5581,127.88324999999999,130.20839999999998,132.53355,134.8587,137.18384999999998,139.509
"((2, 3), (4, 5))",-2.2725807580771864,-0.8765539024145226,1.169757125793567,2.7814473157473945,3.9463556747364357,4.905991697773008,4.560748387494766,4.204536245070791,2.7650767817914446,1.2964990115446324,-0.13539865175773746,-1.8038961940183593,-3.5115192515814546,-3.7969294907236053,-4.349164512826537,-3.3224108449362135,-2.5928618644466233,-0.8404258339396504,0.47893704896284855,2.563048141918632,3.6096512088774984,4.593027808664392,4.9237122983901775,4.31152996206796,3.3621734473169482,2.1089704837512384,0.24647268335240868,-1.1664687381874752,-2.688976564547804,-3.4466963712402783,-3.777313330751482,-3.625558925752584,-2.3388194060148892,-1.1596761335154318,0.27957604158615096,1.9791840527839604,3.3390585820796908,4.28209868650688,4.6827545802934925,4.182381792238956,3.4072329135036044,1.9368319938316754,0.43242889813346835,-1.2694145819404228,-2.6458450377586553,-3.4239113923952456,-4.111520437049925,-3.4375229646574477,-3.087305503541532,-1.682499445477034,0.013692674589766949,1.600184611091957,3.1230028726277466,4.065393731703458,4.475227564998845,4.484079925669955,3.764938056213608,2.4380129416532244
"((2, 3), (5, 6))",6.9754499999999995,9.3006,11.62575,13.950899999999999,16.276049999999998,18.6012,20.92635,23.2515,25.576649999999997,27.901799999999998,30.22695,32.552099999999996,34.87725,37.2024,39.52755,41.8527,44.17785,46.503,48.828149999999994,51.153299999999994,53.478449999999995,55.803599999999996,58.12875,60.4539,62.77905,65.10419999999999,67.42935,69.7545,72.07965,74.4048,76.72994999999999,79.0551,81.38024999999999,83.7054,86.03054999999999,88.3557,90.68084999999999,93.006,95.33115,97.65629999999999,99.98145,102.30659999999999,104.63175,106.95689999999999,109.28205,111.60719999999999,113.93234999999999,116.2575,118.58264999999999,120.9078,123.23294999999999,125.5581,127.88324999999999,130.20839999999998,132.53355,134.8587,137.18384999999998,139.509,141.83415,144.1593,146.48444999999998,148.8096,151.13475,153.45989999999998,155.78504999999998,158.1102,160.43535,162.76049999999998
"((2, 3), (5, 6))",2.0451819088052305,1.853169392904587,1.726922199582432,1.7118765974661405,1.6596854237905039,1.4759948223280124,1.7418164067642439,1.6807027523765812,1.8589764804001314,2.164298994403349,1.6191817122531362,2.246906819998324,2.114493059197355,2.227477105818703,2.017450569930594,1.5876141979359961,1.5270556348041333,1.22942694951817,0.7911120573734947,0.9400437743249231,1.114133186809655,0.6648632995564837,0.7387260854811649,1.4001036453584308,1.5726257778012218,1.528752199417744,1.550359552738342,1.5365238256646367,1.3512337208829506,1.6826756613183316,0.9206455497837447,1.140024080416426,0.4898099349119318,0.6243717146173489,0.0904029210159029,0.35202595020224065,0.3406045792532646,0.10389347180050125,0.40363384246474576,0.35580587844408673,0.9050752332926372,0.6615566066156715,0.7359926962422727,1.2901436548235476,0.7841575365248734,0.9709396388143535,0.7891354443978587,0.41842927967308086,0.11520074498648109,-0.3928060749186637,-0.5478049260316556,-0.7923036132467821,-0.9842894604560116,-1.2289645802795852,-1.158303066986541,-0.9464731113702463,-0.8194052638417462,-0.8622215883841254,-0.5781670550666062,-0.6444234007395824,-0.7545256945502649,-0.946370470420921,-0.8740269759907204,-1.4848766714142982,-1.5551953956344746,-1.4144033206449227,-1.928101805518344,-1.7504822266448528
"((2, 3), (6, 7))",6.9754499999999995,9.3006,11.62575,13.950899999999999,16.276049999999998,18.6012,20.92635,23.2515,25.576649999999997,27.901799999999998,30.22695,32.552099999999996,34.87725,37.2024,39.52755,41.8527,44.17785,46.503,48.828149999999994,51.153299999999994,53.478449999999995,55.803599999999996,58.12875,60.4539,62.77905,65.10419999999999,67.42935,69.7545,72.07965,74.4048,76.72994999999999,79.0551,81.38024999999999,83.7054,86.03054999999999,88.3557,90.68084999999999,93.006,95.33115,97.65629999999999,99.98145,102.30659999999999,104.63175,106.95689999999999,109.28205,111.60719999999999,113.93234999999999,116.2575,118.58264999999999,120.9078,123.23294999999999,125.5581,127.88324999999999,130.20839999999998,132.53355,134.8587,137.18384999999998,139.509
"((2, 3), (6, 7))",-0.16575068071095722,0.48209597978354674,1.0203646882793307,1.8613851366643794,2.149405514652473,2.296852462254676,2.3098070582455494,2.2076964978826807,1.6041849254970568,0.8234429713419744,0.1725898998090063,-0.2755189571735102,-0.8278851276284336,-0.6177713596592935,-0.32449982501745805,-0.05543731626971919,0.6257453490697991,1.202216302133037,1.81038508286415,2.384781714960011,2.584493002370162,2.1868775791172204,2.0727151556845795,1.4908180225670364,1.058678760897885,0.5369905072437174,0.2795483811319006,-0.4176574630978226,-0.4138262485535494,-0.22858543080867386,0.0416098689832119,0.49748093993672576,0.908686836119815,1.533185248529927,2.093358728278061,2.378402831689967,2.1753794321480138,2.0171766115136043,1.5171379052277398,0.8232880062676996,0.12552388539751433,-0.46401310511225863,-0.7384614648412062,-0.905732224258656,-0.34597870443416573,-0.012063353814823471,0.6444753627420846,0.8584200204120908,1.7403407282188774,2.0948945767693514,2.3345596166797646,2.137905501024929,1.966470848968221,1.3793363272965435,1.0024015973493,0.2534826586603392,-0.52649946312964,-0.2410194595946888
"((2, 3), (7, 8))",6.9754499999999995,9.3006,11.62575,13.950899999999999,16.276049999999998,18.6012,20.92635,23.2515,25.576649999999997,27.901799999999998,30.22695,32.552099999999996,34.87725,37.2024,39.52755,41.8527,44.17785,46.503,48.828149999999994,51.153299999999994,53.478449999999995,55.803599999999996,58.12875,60.4539,62.77905,65.10419999999999,67.42935,69.7545,72.07965,74.4048,76.72994999999999,79.0551,81.38024999999999,83.7054,86.03054999999999,88.3557,90.68084999999999,93.006,95.33115,97.65629999999999,99.98145,102.30659999999999,104.63175,106.95689999999999,109.28205,111.60719999999999,113.93234999999999,116.2575,118.58264999999999,120.9078,123.23294999999999,125.5581,127.88324999999999,130.20839999999998,132.53355,134.8587,137.18384999999998,139.509,141.83415,144.1593,146.48444999999998,148.8096,151.13475,153.45989999999998,155.78504999999998,158.1102,160.43535,162.76049999999998
"((2, 3), (7, 8))",0.3704877677653873,0.9296418668466201,1.0193917236647498,1.883957892638661,1.6182841500523704,1.6675714018869954,1.3013929452591266,0.9993009258518983,0.9523779778821574,0.3049061501550412,-0.08196939200127724,-0.3190585061178953,0.2862705041979681,0.1759426244044425,0.4282110004660593,0.8591702455403204,1.0489149784619987,1.0827065363666182,1.1579781417103052,1.3164229590012122,1.1257736992535445,0.9650986801401472,0.851469588248885,0.612414740878737,0.38147444381115464,0.11948376127896468,-0.18120293192550466,-0.17872094346857845,-0.03550466931320087,0.18815900567540753,0.5174534021538062,0.5706873306982451,0.9390844523953366,0.756377113679771,1.0024699080231985,0.8891931776764419,0.7252568260192748,0.5832302983026155,0.5728140719274574,0.45328602578844807,0.20698083038704385,0.1573385749572623,-0.18946057323182508,0.3037749514267707,0.09060539144648014,0.45713666365356187,0.9084468113359202,0.8891750082650232,1.2164758019810773,1.260129225986839,0.8869369613367094,1.4077171109581808,1.1656350419815027,0.1976520206639333,0.6303030454456626,0.6980331589347395,0.34019218723266087,0.44370112479134366,0.05000282205567668,0.32839015928809145,0.42789437575338346,0.39476093287719577,0.9349103370701394,1.1020957245479772,1.435326352018709,1.6052744038683688,1.883764266258034,1.2245280448402518
"((3, 4), (5, 6))",6.9754499999999995,9.3006,11.62575,13.950899999999999,16.276049999999998,18.6012,20.92635,23.2515,25.576649999999997,27.901799999999998,30.22695,32.552099999999996,34.87725,37.2024,39.52755,41.8527,44.17785,46.503,48.828149999999994,51.153299999999994,53.478449999999995,55.803599999999996,58.12875,60.4539,62.77905,65.10419999999999,67.42935,69.7545,72.07965,74.4048,76.72994999999999,79.0551,81.38024999999999,83.7054,86.03054999999999,88.3557,90.68084999999999,93.006,95.33115,97.65629999999999,99.98145,102.30659999999999,104.63175,106.95689999999999,109.28205,111.60719999999999,113.93234999999999,116.2575,118.58264999999999,120.9078,123.23294999999999,125.5581,127.88324999999999,130.20839999999998,132.53355,134.8587,137.18384999999998,139.509,141.83415,144.1593,146.48444999999998,148.8096,151.13475,153.45989999999998,155.78504999999998,158.1102,160.43535,162.76049999999998
"((3, 4), (5, 6))",-0.4423472752048728,0.2730809711537312,0.7790433251827706,1.8825270954151092,1.9939376661458712,2.4819069424163787,2.6926716366765313,2.530486043030967,2.2310638447109272,2.525716545177095,1.7244277481123846,1.483601005648786,1.1640080611744505,0.9372513698516415,0.603201816147861,0.5347221944134787,0.42938812055681214,0.313459918162736,0.41019552112639546,1.2329543378540406,1.231525306452811,1.4914569595677944,2.203175382943453,2.232877654133008,1.9683255151734085,2.113467319966109,1.6375457113202052,1.6888997783341504,0.5460357499326344,0.4871047417645646,-0.29192420756689835,-0.576919048018381,-0.7810277889864884,-0.38695598681824933,-0.02690051954883974,0.529172856874485,0.9600450235852103,1.5762438241077847,1.9395904857271244,2.4732782522432313,2.5611420553043374,2.410941284176236,2.097010993745939,2.187581638470591,1.7749936886188529,1.429757508483289,1.1697962892921303,0.7273963387862307,0.18177157519935705,0.3411169701563813,-0.041066870479566815,0.08646326735737882,0.3969627777963883,0.6575558765577199,0.8037949600825877,1.427441564087857,1.511602134460397,1.9251699977731624,1.9428732884394662,1.7820556511023655,1.6618172369798139,1.256430625086024,0.5413421397507964,0.6857266423169326,-0.194570024179492,-0.38364090046887134,-0.8388101241812951,-0.16327632264580988
"((3, 4), (6, 7))",6.9754499999999995,9.3006,11.62575,13.950899999999999,16.276049999999998,18.6012,20.92635,23.2515,25.576649999999997,27.901799999999998,30.22695,32.552099999999996,34.87725,37.2024,39.52755,41.8527,44.17785,46.503,48.828149999999994,51.153299999999994,53.478449999999995,55.803599999999996,58.12875,60.4539,62.77905,65.10419999999999,67.42935,69.7545,72.07965,74.4048,76.72994999999999,79.0551,81.38024999999999,83.7054,86.03054999999999,88.3557,90.68084999999999,93.006,95.33115,97.65629999999999,99.98145,102.30659999999999,104.63175,106.95689999999999,109.28205,111.60719999999999,113.93234999999999,116.2575,118.58264999999999,120.9078,123.23294999999999,125.5581,127.88324999999999,130.20839999999998,132.53355,134.8587,137.18384999999998,139.509,141.83415,144.1593,146.48444999999998,148.8096,151.13475,153.45989999999998,155.78504999999998,158.1102,160.43535,162.76049999999998
"((3, 4), (6, 7))",1.2183087356352782,1.276704081155535,1.10923339385478,1.369271732098064,1.6285868672202748,1.961247355744083,2.089060081066245,2.0202378889350316,2.095738840001224,2.081307849346118,1.8461594235105367,1.4129555887518166,1.3153396107062005,1.1600254332523365,1.2768028702329761,1.041681210733428,1.3135949526754052,1.5230966961701737,1.2380974841028367,1.4196802797956274,1.6877386414989135,1.4024395383145252,1.856705744397231,2.160976010258323,1.5281470159500739,1.6413750756396597,1.866335457611241,1.6464946061554253,1.309507130766604,1.463523769133457,1.222405032336785,1.0293407255374152,0.9935048570626633,1.306845743186813,1.3543185790912995,1.3369712930367843,1.7257590401079221,1.658982060548699,1.8316088573803022,1.5088480134992384,1.884650697955618,1.7146925560110406,1.696128505563369,1.455476696804607,1.3840320467991234,1.3079742284733555,1.328743536243694,1.043452410478797,1.1323123648583926,0.7745965928439408,0.8675733986724675,1.5428824825091143,1.2533568632767795,1.5031809024741287,1.7076986423374159,1.4340742068965207,1.6160666233633283,1.1179971804309032,1.4094457640777602,0.9215158030281406,0.5937703000463136,1.1847084778144388,0.6423188298967952,0.6648758988154383,0.4436077566923617,0.5076070506428023,0.8348555473913765,1.3251271215011275
"((3, 4), (7, 8))",6.9754499999999995,9.3006,11.62575,13.950899999999999,16.276049999999998,18.6012,20.92635,23.2515,25.576649999999997,27.901799999999998,30.22695,32.552099999999996,34.87725,37.2024,39.52755,41.8527,44.17785,46.503,48.828149999999994,51.153299999999994,53.478449999999995,55.803599999999996,58.12875,60.4539,62.77905,65.10419999999999,67.42935,69.7545,72.07965,74.4048,76.72994999999999,79.0551,81.38024999999999,83.7054,86.03054999999999,88.3557,90.68084999999999,93.006,95.33115,97.65629999999999,99.98145,102.30659999999999,104.63175,106.95689999999999,109.28205,111.60719999999999,113.93234999999999,116.2575,118.58264999999999,120.9078,123.23294999999999,125.5581,127.88324999999999,130.20839999999998,132.53355,134.8587,137.18384999999998,139.509,141.83415,144.1593,146.48444999999998,148.8096,151.13475,153.45989999999998,155.78504999999998,158.1102,160.43535,162.76049999999998
"((3, 4), (7, 8))",0.5954041780950443,0.5161276280499673,1.0336505798349829,0.9530342104430471,1.8301003591324656,1.5463667475458203,1.264556911484693,1.2077028664328113,1.034259018369651,0.7917432154747427,0.6274105574019277,0.2551972778102641,0.49488118486242966,-0.027196830019549763,0.8629851169757354,0.2906306709749391,0.5650531629810075,0.453801648946539,0.910119326599435,1.1838533587266789,1.3272419293289588,1.392495905044612,1.4695643200241184,1.2153243497314978,1.5630154813334833,1.3336228800658598,0.8657642599705103,0.6644172467026168,0.2863015395841079,0.29745058077837794,-0.25633783374677266,-0.11994021609892572,0.287565349790312,0.17324926634912452,0.7921355198138575,0.6882084104732414,0.9525241068925769,1.3866249889753206,1.3475520234120781,1.4411522881423755,1.5755045645744337,1.2994107789044091,0.93430299083056,0.7556864126770781,0.33525047833819815,0.2972382077354428,0.2350633945053724,-0.04115212572187558,0.2598237722661655,0.32253104325885495,0.8489396410768943,1.0374793350066167,1.0975713810634955,1.0852048713352491,0.9608954778465165,1.289895644645239,1.386278824772705,1.2534604912179121,1.3000860305380724,0.9410948152822872,0.5241829371879233,0.3543745308133566,0.2539740130709442,-0.010267499959549257,0.17784238247467132,0.2377826392472885,0.5569371635098793,0.9060445628608841
"((4, 5), (6, 7))",6.9754499999999995,9.3006,11.62575,13.950899999999999,16.276049999999998,18.6012,20.92635,23.2515,25.576649999999997,27.901799999999998,30.22695,32.552099999999996,34.87725,37.2024,39.52755,41.8527,44.17785,46.503,48.828149999999994,51.153299999999994,53.478449999999995,55.803599999999996,58.12875,60.4539,62.77905,65.10419999999999,67.42935,69.7545,72.07965,74.4048,76.72994999999999,79.0551,81.38024999999999,83.7054,86.03054999999999,88.3557,90.68084999999999,93.006,95.33115,97.65629999999999,99.98145,102.30659999999999,104.63175,106.95689999999999,109.28205,111.60719999999999,113.93234999999999,116.2575,118.58264999999999,120.9078,123.23294999999999,125.5581,127.88324999999999,130.20839999999998,132.53355,134.8587,137.18384999999998,139.509
"((4, 5), (6, 7))",-2.0925119958197413,-0.38195526284656445,0.8788502741347176,2.470126774848164,3.583688827305361,4.314996127163706,4.3173288125420735,3.7339506316099396,2.637579718147845,1.091668755648274,-0.14748222650730744,-1.6100893647310222,-2.3685693186796875,-3.3068234825526344,-3.1035779795994616,-2.0926166495443472,-0.8360621122367049,0.6793054594908814,2.2742644437719,3.544194082486749,4.733000527260169,5.099702710108623,5.02437909109758,3.7978744586990083,2.648661169657746,1.0939568625271479,-0.5802503373454729,-2.303497142011075,-3.0408626001524275,-3.7464735572094545,-3.4384318977433868,-2.7669966750378974,-1.584814769013384,-0.2171161369877469,1.3048590293676732,2.54052461873287,3.293841163650226,3.4677667340040013,3.275265230272868,2.8221534169506675,1.6364649616086433,0.0933486640446655,-1.2040652186787089,-2.633671868588173,-3.397960596113975,-3.5995855669925083,-3.026539246219942,-2.468021584276394,-1.3555059291757992,0.47288024722751926,2.1410718773069273,3.2432336168115357,4.055729194720131,4.340862101927701,4.059334196790481,3.0367941266571554,1.7612434110872652,0.32849909278622114
"((4, 5), (7, 8))",6.9754499999999995,9.3006,11.62575,13.950899999999999,16.276049999999998,18.6012,20.92635,23.2515,25.576649999999997,27.901799999999998,30.22695,32.552099999999996,34.87725,37.2024,39.52755,41.8527,44.17785,46.503,48.828149999999994,51.153299999999994,53.478449999999995,55.803599999999996,58.12875,60.4539,62.77905,65.10419999999999,67.42935,69.7545,72.07965,74.4048,76.72994999999999,79.0551,81.38024999999999,83.7054,86.03054999999999,88.3557,90.68084999999999,93.006,95.33115,97.65629999999999,99.98145,102.30659999999999,104.63175,106.95689999999999,109.28205,111.60719999999999,113.93234999999999,116.2575,118.58264999999999,120.9078,123.23294999999999,125.5581,127.88324999999999,130.20839999999998,132.53355,134.8587,137.18384999999998,139.509,141.83415,144.1593,146.48444999999998,148.8096,151.13475,153.45989999999998,155.78504999999998,158.1102,160.43535,162.76049999999998
"((4, 5), (7, 8))",2.5555899468981664,2.109257825236173,2.1571001013684987,2.106209224121583,2.022849810193894,2.002993957945498,2.4023373876582705,2.365012832243617,2.311578784708297,2.2405047221635552,2.352134887406499,2.343857141148271,2.184457029678482,2.5474045244415917,2.243680715768856,2.236048962597974,2.2656928973847776,2.358688911555729,2.153599448757385,2.136975849311075,2.3023144340188213,2.057504636805794,2.4282217649051168,2.2518399275047947,2.13838450055874,1.8859447033159786,2.126794720177641,2.518835085116959,2.184122144887684,2.2155813770405604,1.733763423296875,1.8768882172543242,1.873008442089575,1.5667004372033455,1.7236521729430259,1.6796388380805474,1.3215332368184227,1.8132421869527515,1.7919624558272678,1.4011727642173906,1.4535242879377133,1.5351753235050993,1.2308557931975403,1.4642713319437854,1.245711797450596,1.0871798534795833,1.2864772203201262,1.0299505486388338,1.1406604071972695,0.7376101108486796,1.1299813310063826,0.4242362803064641,0.5060868851957183,0.1461512158802818,0.5795283060768333,0.49739261809780205,0.20893272248214287,0.6494837410469022,0.4088070473818205,0.3015728678358901,0.34455852371833523,0.051264651866068205,-0.13366488266792115,-0.007178325469349148,0.28070910008133537,-0.22174988198535436,-0.2476169568392691,-0.4381232381059806
"((5, 6), (7, 8))",6.9754499999999995,9.3006,11.62575,13.950899999999999,16.276049999999998,18.6012,20.92635,23.2515,25.576649999999997,27.901799999999998,30.22695,32.552099999999996,34.87725,37.2024,39.52755,41.8527,44.17785,46.503,48.828149999999994,51.153299999999994,53.478449999999995,55.803599999999996,58.12875,60.4539,62.77905,65.10419999999999,67.42935,69.7545,72.07965,74.4048,76.72994999999999,79.0551,81.38024999999999,83.7054,86.03054999999999,88.3557,90.68084999999999,93.006,95.33115,97.65629999999999,99.98145,102.30659999999999,104.63175,106.95689999999999,109.28205,111.60719999999999,113.93234999999999,116.2575,118.58264999999999,120.9078,123.23294999999999,125.5581,127.88324999999999,130.20839999999998,132.53355,134.8587,137.18384999999998,139.509,141.83415,144.1593,146.48444999999998,148.8096,151.13475,153.45989999999998,155.78504999999998,158.1102,160.43535,162.76049999999998
"((5, 6), (7, 8))",-2.157454759195259,-1.2632451157437319,0.4083272908423805,1.1128861338714122,2.6325620805605072,3.251382737101661,4.353005157188891,4.110055339792761,4.2427927160584,3.1505108170808658,2.284616709047217,0.5768010945058977,-0.6917755342802245,-2.0566787564965594,-2.7821929402379877,-2.8531093774526597,-3.3220937550107643,-2.9011235761087364,-2.085210693177821,-0.026291243919355924,1.1686204502613753,2.4799014156275327,3.6367208083942537,4.38903439160383,4.49469112725304,4.419266164524259,3.4771763070806316,2.615775300317875,0.7425840611486788,-0.13521246763427922,-1.5744293603478,-2.398226714379691,-2.909399212050471,-2.8341538735504677,-2.1558428236250924,-1.4171311376333986,0.2847205141593387,1.5571831215233531,2.6762198850718657,3.6643012173258493,4.324471741652585,4.079780703434609,4.168153936339257,3.2816442782694266,2.0544152521601826,1.1050429593799402,-0.7544096051149688,-1.7655537928656868,-2.6784524577999713,-3.2031182824397497,-3.058365526553045,-2.586684168708715,-1.4177094804653956,-0.6743391025585296,0.8243760526681058,2.6299167488396566,3.4925990011119983,4.524279544539084,4.437423623916393,4.507198633326201,3.6703414987287886,2.6163778629391095,1.423585945964438,-0.14012688957185387,-1.324288312139669,-2.160832809182155,-2.7246761334349996,-2.301685219030689
