Vall,lower_state_fit,middle_state_fit,higher_state_fit,transmon_fit
-2.71161938,3.5179568904523504,4.3837067227491175,5.48519089788363,5.469508052019155
-2.6990183774937346,3.5179097857957395,4.3834551327918705,5.4638229947450325,5.447888559044902
-2.6864173749874687,3.5178603615034447,4.383186492187591,5.441913741169814,5.425710664986427
-2.673816372481203,3.51780848571433,4.382899260390168,5.419461695888716,5.4029713880283605
-2.6612153699749377,3.5177540151974283,4.382591698822276,5.396465473623278,5.379667604314916
-2.6486143674686717,3.5176967941417328,4.382261838607326,5.372923770450991,5.355796041046995
-2.6360133649624062,3.5176366527860767,4.381907441821866,5.348835395206283,5.331353269135575
-2.6234123624561403,3.5175734058640225,4.381525954715222,5.324199308437663,5.306335695378489
-2.610811359949875,3.5175068508340446,4.381114450907772,5.299014670873673,5.280739554124658
-2.5982103574436093,3.5174367658597667,4.380669562003368,5.273280903922935,5.254560898386555
-2.5856093549373433,3.5173629074981756,4.380187392283752,5.246997765497482,5.2277955903579585
-2.573008352431078,3.517285008045512,4.37966341312113,5.22016544547624,5.200439291289995
-2.5604073499248123,3.517202772480336,4.37909233134616,5.192784686519832,5.17248745067395
-2.5478063474185464,3.517115874930776,4.378467923895022,5.164856937856524,5.143935294674268
-2.535205344912281,3.5170239545774677,4.377782828416678,5.136384552295987,5.1147778137495825
-2.522604342406015,3.516926610884361,4.377028275837277,5.10737104040551,5.085009749393329
-2.5100033398997494,3.5168233980254477,4.376193745691126,5.077821400963837,5.0546255799185635
-2.497402337393484,3.516713818345007,4.375266517650887,5.047742554176738,5.023619505203714
-2.484801334887218,3.516597314650495,4.374231082095142,5.017143914724152,4.9919854303073015
-2.4722003323809525,3.5164732610880503,4.373068357191496,4.986038157058964,4.959716947849816
-2.459599329874687,3.516340952287659,4.3717546375115885,4.954442247828049,4.926807319049774
-2.446998327368421,3.5161995903836387,4.370260166117922,4.922378853350396,4.893249453288669
-2.4343973248621555,3.51604826941019,4.368547173158922,4.889878278976355,4.8590358860652705
-2.42179632235589,3.5158859564329177,4.366567151788377,4.856981169356445,4.824158755183889
-2.409195319849624,3.515711468593449,4.364257036681578,4.8237423041739484,4.788609775003098
-2.3965943173433586,3.515523444999232,4.361533800456295,4.790235973839076,4.7523802085508775
-2.3839933148370926,3.515320312060436,4.358286783745055,4.756563619180768,4.715460837288696
-2.371392312330827,3.515100240426858,4.3543668494015755,4.722864644409174,4.677841928280421
-2.3587913098245616,3.5148610910604043,4.349571318514023,4.689331445401354,4.6395131984912785
-2.3461903073182957,3.5146003471202465,4.343623978830009,4.65622936239554,4.600463775907108
-2.33358930481203,3.5143150271296353,4.336151208956364,4.623920513380769,4.560682157123783
-2.3209883023057647,3.514001573170316,4.326660356382991,4.592885369736029,4.520156161010193
-2.3083872997994987,3.51365570535896,4.3145372128125326,4.563725230186784,4.478872877994442
-2.2957862972932332,3.513272230201736,4.2990932841710086,4.537114895191048,4.436818614460565
-2.2831852947869677,3.512844784963689,4.279691538386236,4.513676858083012,4.393978831670572
-2.270584292280702,3.512365491896531,4.255928516146278,4.493799127092241,4.350338078542086
-2.2579832897744363,3.5118244833275045,4.2277680327928655,4.477501449314722,4.305879917512832
-2.2453822872681704,3.5112092383110456,4.195521786448618,4.4644546206520115,4.2605868426069815
-2.232781284761905,3.5105036387166586,4.159698824569697,4.454130928504849,4.214440188681437
-2.2201802822556393,3.5096865982210215,4.120840735298653,4.445968859662495,4.1674200306680085
-2.2075792797493734,3.508730025077715,4.079421584107574,4.4394730515213,4.1195050714351344
-2.194978277243108,3.5075957173659713,4.035814765195989,4.434247315562269,4.070672516663351
-2.182377274736842,3.5062304965899753,3.9902974099879525,4.429990088862819,4.020897934854128
-2.1697762722305765,3.5045583397333906,3.990113527935297,4.426476719655737,3.9701551002614717
-2.157175269724311,3.5024672205702254,3.9404653625279353,4.423540761917888,3.918415816136643
-2.1445742672180454,3.4997862996863924,3.8903801820241055,4.421058458566411,3.86564971519202
-2.1319732647117795,3.4962449662949453,3.8400958333820254,4.4189370219586355,3.811824033598875
-2.119372262205514,3.491397227156065,3.7900228925928414,4.417106133782147,3.756903354108534
-2.106771259699248,3.4844819015507005,3.7408841766456575,4.415511876338271,3.7008493129910516
-2.0941702571929826,3.474183575137416,3.693953454009601,4.414112412664944,3.6436202643741185
-2.081569254686717,3.458349203626329,3.651338454892405,4.4128748995398945,3.5851708941755853
-2.068968252180451,3.434144182127747,3.6158243558635204,4.411773264634311,3.5254517740752096
-2.0563672496741856,3.399530903216613,3.5893947040305694,4.4107865905249355,3.4644088437555585
-2.0437662471679197,3.3550076817697865,3.5714918881119764,4.409897927497472,3.4019828068119145
-2.031165244661654,3.3028593996817532,3.559765785054693,4.409093411883988,3.338108422085715
-2.0185642421553887,3.2452811303574958,3.5519492993154405,4.4083616042032165,3.2727136674386657
-2.005963239649123,3.183702825096216,3.5465326834936355,4.407692987027197,3.2057187467693815
-1.9933622371428572,3.1189312697213993,3.542620394523461,4.40707958009755,3.137034902835534
-1.9807612346365917,3.051392299049161,3.539687449353526,4.406514642364821,3.0665629874018463
-1.9681602321303258,2.9812905960010125,3.5374178898487143,4.40599243907771,2.994191725254713
-1.9555592296240603,2.908698006674149,3.5356143415556818,4.4055080579799375,2.919795588037986
-1.9429582271177945,2.8336001864722418,3.5341487384863166,4.405057262868355,2.8432321651672257
-1.9303572246115288,2.7559206271274763,3.5329350107154966,4.404636375756009,2.7643388784494936
-1.9177562221052633,2.675532126502473,3.531913461012527,4.404242181025616,2.6829288285167157
-1.9051552195989976,2.5922607230205412,3.5310415108739552,4.4038718464930335,2.598785475288749
-1.8925542170927319,2.5058844549680925,3.5302880291848195,4.403522857387313,2.5116557259370436
-1.8799532145864664,2.4161278202747174,3.529629743809337,4.4031929599956205,2.421240806255408
-1.8673522120802006,2.3226518344064635,3.5290489030919145,4.402880112171852,2.3271839800542944
-1.854751209573935,2.225038723540539,3.528531709303902,4.402582438074241,2.229053675782262
-1.8421502070676694,2.122769246197034,3.528067240809267,4.402298184324584,2.126319730323369
-1.8295492045614035,2.0151890419618286,3.527646689415786,4.402025674110549,2.0183189750712716
-1.816948202055138,1.9014576232808371,3.5272628022276757,4.401763254214215,1.9042036695761007
-1.8043471995488722,1.780468325431146,3.526909452805488,4.401509226703385,1.7828610226754948
-1.7917461970426065,1.6507166122024164,3.526581283682486,4.401261750053401,1.6527811406923776
-1.779145194536341,1.5100696127753677,3.526273362584969,4.4010186785335925,1.511826220533769
-1.7665441920300753,1.3553284425417207,3.5259807675666357,4.400777268508012,1.3567924556450874
-1.7539431895238096,1.181298110158163,3.525697916253385,4.400533563949315,1.1824792723089197
-1.741342187017544,0.978456869628143,3.5254170828813542,4.400280862571162,0.979357198764852
-1.7287411845112781,0.725305905089281,3.525123738020341,4.400004683152451,0.7259128897203014
-1.7161401820050126,0.34664983059367027,3.5247722607855563,4.399656055149098,0.34690533834257253
-1.703539179498747,0.5094493140605678,3.524912547433657,4.399797617780153,0.5098451088075789
-1.6909381769924814,0.8249594470503485,3.525232641126113,4.400108726496548,0.8256753358371666
-1.6783371744862157,1.0559312307311362,3.525518891612833,4.400373755188306,1.056933370349366
-1.66573617197995,1.2468067854509959,3.525799306809132,4.400622134556935,1.24808934060756
-1.6531351694736842,1.4130807304131912,3.5260849444404556,4.400864432968373,1.4146489235404551
-1.6405341669674187,1.562268537996602,3.5263824813758924,4.401106068928211,1.5641342683960209
-1.627933164461153,1.698682368541397,3.5266971532529405,4.401350453934637,1.700862771151924
-1.6153321619548873,1.8250644739765416,3.5270338278312803,4.401600068082024,1.8275815514968112
-1.6027311594486215,1.9432847530201374,3.527397549171358,4.401856922667985,1.9461655522092283
-1.590130156942356,2.054684154174569,3.527793913328403,4.402122793043365,2.0579613178467913
-1.5775291544360903,2.160261441959777,3.5282294095617144,4.402399351641865,2.1639741021887398
-1.5649281519298246,2.2607825404283233,3.528711797318733,4.402688253354696,2.264977588735075
-1.5523271494235589,2.3568482407943083,3.529250574507402,4.402991197027291,2.3615820666078404
-1.5397261469172934,2.448937950926235,3.5298575993830004,4.403309975145606,2.4542788019308195
-1.5271251444110276,2.5374388308464813,3.530547951644815,4.403646518518205,2.5434700344256758
-1.514524141904762,2.6226654953503536,3.531341162215695,4.404002940277688,2.6294899098105664
-1.5019231393984964,2.704873214863118,3.5322630179611996,4.404381582363346,2.712619485376316
-1.4893221368922307,2.784266203445655,3.5333482821892397,4.404785067184008,2.7930977384917144
-1.476721134385965,2.86100164060961,3.53464491285636,4.405216357121239,2.871129806624954
-1.4641201318796992,2.9351892066724705,3.536220804615991,4.405678824804642,2.9468932647469512
-1.4515191293734337,3.0068848051993005,3.5381749237145845,4.406176337643337,3.0205429826692227
-1.438918126867168,3.076075336245583,3.540656345793386,4.406713360955269,3.0922149360884963
-1.4263171243609023,3.1426480366914067,3.5438979431187265,4.4072950852700625,3.1620292341511926
-1.4137161218546366,3.2063315983779015,3.548277698734098,4.40792758511242,3.230092551741933
-1.401115119348371,3.2665858279660944,3.5544310206265393,4.40861801898811,3.2965001035087824
-1.3885141168421054,3.322409531370944,3.563444474297336,4.409374883671245,3.361337260867987
-1.3759131143358396,3.3720920498444964,3.5771055824952076,4.410208340641281,3.4246808878203097
-1.363312111829574,3.413253786641311,3.597863410685623,4.411130639252024,3.486600453085781
-1.3507111093233084,3.4440191279708396,3.62765657865956,4.412156670841812,3.54715896266483
-1.3381101068170427,3.464877060892872,3.666053429812106,4.41330470187152,3.606413747012335
-1.325509104310777,3.4784066254880246,3.710527247512771,4.4145973543290244,3.6644171295784203
-1.3129081018045112,3.487284201660679,3.758449539335401,4.416062931062731,3.7212169978413137
-1.3003070992982457,3.493336825754135,3.808037210787997,4.417737226754805,3.7768572936523164
-1.28770609679198,3.4976456701473015,3.8582495088695055,4.419666027966799,3.8313784363892855
-1.2751050942857143,3.5008363280758683,3.9084981041186566,4.421908595695557,3.884817689826638
-1.2625040917794488,3.5032795212527374,3.9584467024560097,4.424542548353625,3.937209481597838
-1.249903089273183,3.5052034184752383,4.0078990059001525,4.427670721167984,3.9885856825188006
-1.2373020867669173,3.5067541047007973,4.006934672438517,4.431430737570029,4.038975851759877
-1.2247010842606516,3.5080286115429837,4.051788947269254,4.436008063751221,4.088407452826825
-1.212100081754386,3.5090935409631774,4.094642739738283,4.441652862882892,4.136906044481972
-1.1994990792481204,3.509995950162162,4.135185879920778,4.448699128227995,4.184495450063447
-1.1868980767418547,3.5107699419065503,4.17300782952161,4.45757963662098,4.231197908110576
-1.174297074235589,3.5114407880181324,4.20760337311777,4.468820391613612,4.277034206752108
-1.1616960717293234,3.5120275878392944,4.238427051738767,4.48298631012988,4.322023803941545
-1.1490950692230577,3.512545029171098,4.26502023833483,4.50055425485563,4.366184935314961
-1.136494066716792,3.5130045834566515,4.287184151697151,4.5217401173169005,4.409534711189585
-1.1238930642105263,3.513415334966364,4.305094471631463,4.546384290148692,4.452089204006155
-1.1112920617042608,3.51378456756346,4.31925986131399,4.573993223747491,4.493863527337376
-1.098691059197995,3.5141181874259897,4.330355447215776,4.603906017891351,4.534871907432348
-1.0860900566917293,3.514421032577187,4.339052984812768,4.635464320951022,4.57512774813777
-1.0734890541854638,3.514697102912004,4.34592486666229,4.668108380842637,4.614643689927095
-1.060888051679198,3.5149497334668194,4.351418962171265,4.701402259034308,4.65343166367536
-1.0482870491729324,3.5151817265630974,4.355870894034755,4.735021603185782,4.691502939737376
-1.0356860466666666,3.5153954537402727,4.359527720638538,4.768730009616552,4.7288681728184105
-1.0230850441604011,3.515592935214214,4.3625707504818845,4.802356249976297,4.765537443067414
-1.0104840416541354,3.5157759024203896,4.365133736335289,4.835776114781928,4.801520293771794
-0.9978830391478697,3.515945847687399,4.367316300117258,4.868899023172061,4.83682576598867
-0.985282036641604,3.516104064020202,4.369193514486932,4.901658473178678,4.871462430409166
-0.9726810341353385,3.5162516772112222,4.370822661425997,4.934005312505752,4.905438416718942
-0.9600800316290727,3.516389671947932,4.372247997247138,4.965903000611693,4.938761440689091
-0.947479029122807,3.5165189131841394,4.373504130947319,4.99732425538595,4.971438829206027
-0.9348780266165413,3.516640163746048,4.374618440736016,5.028248659775998,5.003477543426702
-0.9222770241102758,3.5167540989235264,4.375612820807951,5.058660936461842,5.034884200225842
-0.9096760216040101,3.516861318631111,4.376504958204697,5.088549690883118,5.065665092084654
-0.8970750190977443,3.5169623575974516,4.377309276832874,5.117906485685222,5.095826205555159
-0.8844740165914788,3.5170576939456994,4.378037643249501,5.146725152094669,5.125373238420886
-0.8718730140852131,3.5171477564532148,4.3786999000799565,5.175001272466909,5.154311615662666
-0.8592720115789474,3.5172329307214856,4.379304273369593,5.2027317878037405,5.18264650432765
-0.8466710090726817,3.517313564442156,4.379857686751489,5.229914697446564,5.210382827390315
-0.8340700065664162,3.5173899719097537,4.380366006026517,5.256548827429558,5.237525276685713
-0.8214690040601504,3.5174624379037214,4.380834231263011,5.2826336504583296,5.264078324987787
-0.8088680015538847,3.517531221040069,4.381266648943851,5.308169145052301,5.290046237298839
-0.796266999047619,3.5175965566752043,4.381666953424744,5.333155684647129,5.31543308141023
-0.7836659965413535,3.517658659430057,4.382038344618144,5.357593949797388,5.34024273778899
-0.7710649940350878,3.5177177253911256,4.382383607110068,5.381484858322134,5.3644789088401925
-0.758463991528822,3.5177739340355423,4.382705174665101,5.404829509483508,5.388145127590563
-0.7458629890225563,3.5178274499196296,4.383005183148457,5.4276291392110725,5.411244765834876
-0.7332619865162908,3.5178784241640777,4.383285514202676,5.449885084072305,5.433781041783154
-0.7206609840100251,3.5179269957636503,4.38354783149638,5.471598752206648,5.455757027243458
-0.7080599815037596,3.517973292745084,4.383793610968083,5.492771599831976,5.477175654372175
-0.6954589789974936,3.5180174331932004,4.38402416618678,5.513405112231046,5.498039722021061
-0.6828579764912281,3.5180595261623537,4.3842406697191425,5.533500788355006,5.518351901707932
-0.6702569739849626,3.5180996724877804,4.384444171213516,5.5530601283584415,5.53811474323572
-0.6576559714786967,3.51813796550937,4.384635612770916,5.572084623518519,5.55733067998261
-0.6450549689724312,3.518174491718602,4.384815842063256,5.5905757480989475,5.576002033884221
-0.6324539664661653,3.5182093313379066,4.384985623572282,5.608534952804559,5.594131020127131
-0.6198529639598997,3.518242558840461,4.385145648253872,5.625963659539669,5.611719751571535
-0.6072519614536342,3.5182742434173413,4.3852965418773495,5.6428632572369954,5.628770242919472
-0.5946509589473683,3.5183044493980624,4.385438872245323,5.659235098566797,5.645284414643814
-0.5820499564411028,3.5183332366297355,4.3855731554640744,5.675080497370244,5.661264096692011
-0.5694489539348373,3.5183606608194156,4.385699861405593,5.690400726688896,5.676711031977608
-0.5568479514285714,3.51838677384365,4.385819418478973,5.705197017284534,5.691626879671485
-0.5442469489223059,3.5184116240287002,4.385932217809654,5.7194705565620465,5.706013218303968
-0.5316459464160399,3.518435256404552,4.386038616909268,5.733222487822822,5.719871548688079
-0.5190449439097744,3.5184577129353727,4.386138942905823,5.746453909788472,5.733203296673435
-0.5064439414035089,3.51847903272884,4.386233495393242,5.759165876344696,5.7460098157396615
-0.49384293889724296,3.5184992522264054,4.386322548950312,5.771359396463413,5.758292389437462
-0.48124193639097745,3.518518405376388,4.3864063553716495,5.783035434268086,5.770052233684917
-0.46864093388471195,3.5185365237915134,4.386485145647079,5.794194909212935,5.781290498926071
-0.456039931378446,3.5185536368923813,4.386559131720524,5.804838696351373,5.792008272158262
-0.4434389288721805,3.518569772038137,4.386628508055139,5.814967626672999,5.80220657883424
-0.430837926365915,3.5185849546455064,4.3866934530276795,5.824582487491695,5.8118863846446445
-0.41823692385964906,3.518599208297219,4.386754130171879,5.833684022870236,5.821048597185986
-0.40563592135338356,3.5186125548407245,4.386810689288003,5.842272934068999,5.829694067518902
-0.3930349188471176,3.5186250144780176,4.386863267433312,5.850349880008406,5.8378235916210794
-0.3804339163408521,3.5186366058472913,4.386911989806343,5.857915477736293,5.845437911738892
-0.3678329138345866,3.518647346097062,4.386956970536106,5.864970302892811,5.852537717641496
-0.35523191132832066,3.5186572509533356,4.386998313385855,5.871514890166606,5.8591236477807955
-0.34263090882205516,3.5186663347803337,4.387036112379873,5.8775497337370215,5.865196290360412
-0.33002990631578966,3.5186746106352205,4.387070452360554,5.883075287697855,5.870756184316544
-0.3174289038095237,3.518682090317232,4.387101409482124,5.88809196645899,5.875803820213298
-0.3048279013032582,3.518688784411579,4.3871290516465,5.892600145122708,5.88033964105487
-0.2922268987969927,3.518694702328414,4.387153438886045,5.896600159832076,5.884364043016693
-0.27962589629072676,3.5186998523371456,4.387174623697324,5.900092308089225,5.88787737609746
-0.26702489378446126,3.518704241596339,4.387192651329349,5.903076849041665,5.8908799446936975
-0.2544238912781953,3.5187078761794064,4.387207560029346,5.905554003735144,5.893372008098376
-0.2418228887719298,3.518710761096264,4.3872193812485,5.90752395533181,5.89535378092483
-0.2292218862656643,3.5187129003110926,4.387228139809805,5.908986849292679,5.896825433457067
-0.21662088375939836,3.5187142967563347,4.387233854039662,5.909942793523614,5.897787091927356
-0.20401988125313286,3.5187149523430064,4.387236535864549,5.910391858484239,5.898238838721792
-0.19141887874686736,3.5187148679674105,4.387236190873698,5.910334077259313,5.898180712514374
-0.17881787624060141,3.5187140435142683,4.387232818348421,5.909769445592337,5.897612708329908
-0.1662168737343359,3.5187124778563272,4.387226411258338,5.908697921881215,5.896534777535921
-0.15361587122806997,3.5187101688503954,4.387216956224483,5.907119427136038,5.894946827763541
-0.14101486872180446,3.51870711332983,4.387204433448954,5.90503384489911,5.892848722757165
-0.12841386621553896,3.5187033070933826,4.387188816610358,5.902441021127549,5.89024028215252
-0.11581286370927302,3.5186987448903584,4.387170072724089,5.899340764038914,5.8871212811825595
-0.10321186120300752,3.518693420401974,4.387148161965994,5.895732843920536,5.883491450310461
-0.09061085869674201,3.5186873262187937,4.387123037457696,5.89161699290335,5.87935047478878
-0.07800985619047607,3.518680453814103,4.387094645011392,5.886992904701267,5.874697994143631
-0.06540885368421057,3.5186727935130135,4.3870629228315,5.881860234317461,5.8695336015826
-0.052807851177945064,3.518664334457114,4.387027801170065,5.8762185977190295,5.863856843324832
-0.04020684867167912,3.5186550645644,4.386989201932282,5.870067571482037,5.857667217851587
-0.027605846165413617,3.518644970484214,4.3869470382278815,5.863406692409181,5.85096417507529
-0.01500484365914767,3.5186340375468648,4.386901213863477,5.856235457122824,5.843747115424918
-0.002403841152882169,3.518622249707578,4.386851622770186,5.84855332163667,5.836015388845295
0.010197161353383333,3.5186095894843366,4.38679814835997,5.840359700909966,5.827768293707627
0.02279816385964928,3.5185960378891794,4.386740662803154,5.831653968388833,5.819005075628365
0.03539916636591478,3.5185815743524094,4.386679026218481,5.822435455540212,5.809724926193184
0.04800016887218028,3.518566176639138,4.3866130857656245,5.812703451384927,5.799926981582587
0.06060117137844623,3.5185498207575003,4.386542674628794,5.802457202037532,5.7896103210953385
0.07320217388471173,3.5185324808577985,4.38646761087803,5.7916959102621375,5.778773965565588
0.08580317639097768,3.518514129121744,4.386387696193011,5.780418735054945,5.767416875669215
0.09840417889724318,3.518494735640867,4.386302714431592,5.7686247912664275,5.755537950114548
0.11100518140350868,3.518474268283023,4.386212430022639,5.756313149278321,5.743136023712191
0.12360618390977463,3.5184526925458495,4.386116586159372,5.7434828347535865,5.730209865318321
0.13620718641604013,3.518429971395805,4.386014902765531,5.730132828480841,5.716758175645298
0.14880818892230563,3.5184060650913236,4.385907074202155,5.716262066338903,5.702779584932978
0.16140919142857157,3.5183809309883634,4.385792766677266,5.701869439412,5.6882726504736105
0.17401019393483708,3.5183545233264635,4.385671615314237,5.686953794292137,5.673235853982573
0.18661119644110258,3.5183267929931317,4.3855432208269,5.671513933612269,5.657667598806656
0.19921219894736852,3.518297687264115,4.385407145740145,5.655548616862547,5.641566206960897
0.21181320145363403,3.518267149516772,4.385262910083453,5.639056561552481,5.624929915984287
0.22441420395989997,3.5182351189133714,4.3851099864713285,5.622036444794607,5.607756875603868
0.23701520646616547,3.5182015300507192,4.384947794468085,5.604486905400892,5.590045144195919
0.24961620897243098,3.5181663125719997,4.384775694114348,5.5864065466023,5.571792685032033
0.2622172114786969,3.5181293907360844,4.384592978468094,5.567793939525508,5.552997362296859
0.2748182139849624,3.518090682938948,4.384398864982749,5.548647627589921,5.53365693686323
0.2874192164912279,3.518050101180926,4.38419248550764,5.528966132024319,5.513769061809255
0.30002021899749387,3.5180075504727024,4.383972874649606,5.508747958747522,5.493331277660588
0.31262122150375937,3.5179629281717135,4.383738956176807,5.487991606913929,5.472341007339793
0.3252222240100249,3.5179161232394116,4.3834895270732135,5.466695579495808,5.4507955508031065
0.3378232265162908,3.5178670154082727,4.383223238760697,5.444858396364048,5.428692079343288
0.3504242290225563,3.5178154742455576,4.382938574889591,5.422478610443344,5.406027629535367
0.36302523152882227,3.5177613580987668,4.382633824950443,5.399554827663901,5.382799096800098
0.37562623403508777,3.517704512905007,4.382307052769361,5.3760857316198685,5.359003228557735
0.38822723654135327,3.5176447708434915,4.381956058703408,5.352070114088163,5.334636616942259
0.4008282390476192,3.517581948806634,4.381578334032336,5.327506912878893,5.30969569104353
0.4134292415538847,3.5175158466606873,4.381171005623074,5.302395258905452,5.284176708641872
0.4260302440601502,3.5174462452614677,4.380730768388806,5.276734534913673,5.2580757473962985
0.43863124656641617,3.5173729041841195,4.380253802325996,5.25052444904423,5.231388695443952
0.45123224907268167,3.517295559117758,4.379735669921236,5.223765127390064,5.204111241364363
0.4638332515789476,3.517213918866017,4.379171188377058,5.196457231048686,5.176238863457575
0.4764342540852131,3.5171276618822978,4.378554269271424,5.168602104998865,5.14776681828032
0.4890352565914786,3.517036432253495,4.377877715735357,5.140201968655788,5.118690128378806
0.5016362590977446,3.5169398350272094,4.377132963710252,5.111260161475632,5.089003569150607
0.5142372616040101,3.5168374307540273,4.3763097488926,5.081781461927372,5.058701654761187
0.5268382641102756,3.5167287290869225,4.375395673938409,5.05177250517738,5.027778623032928
0.5394392666165415,3.516613181242607,4.374375640408659,5.021242334914747,4.996228419215898
0.552040269122807,3.516490171082012,4.373231095325057,4.9902031393475745,4.964044678539909
0.5646412716290725,3.516359004506292,4.371939020859961,4.9586712427350355,4.9312207074364895
0.5772422741353385,3.516218896786081,4.370470564276951,4.926668455215068,4.89774946330716
0.589843276641604,3.516068957339524,4.3687891588164085,4.894223930095881,4.863623532700508
0.6024442791478699,3.515908171340723,4.366847917625513,4.861376746358635,4.828835107744876
0.6150452816541354,3.515735377363309,4.364585982369458,4.828179534563584,4.793375960665709
0.6276462841604009,3.51554924002807,4.361923364661932,4.794703607830424,4.757237416196395
0.6402472866666669,3.515348216306487,4.358753625141958,4.761046252851653,4.720410321668451
0.6528482891729324,3.51513051370119,4.354933509489249,4.7273410614063325,4.682885014540655
0.6654492916791979,3.5148940379330167,4.350268502080949,4.693772341400992,4.644651287096678
0.6780502941854638,3.5146363269432803,4.344493491031721,4.660594413390856,4.60569834800641
0.6906512966917293,3.5143544668662097,4.337249214991726,4.628155121862466,4.566014780406551
0.7032522991979953,3.5140449839842702,4.328059667342583,4.596918385247518,4.525588496110416
0.7158533017042608,3.5137037043087496,4.3163255347902725,4.56747070722627,4.484406685504245
0.7284543042105263,3.5133255689551075,4.301362786439549,4.540482532732073,4.4424557626261425
0.7410553067167922,3.5129043883112177,4.282517534170662,4.5165933272613135,4.399721304852747
0.7536563092230577,3.5124325101604765,4.259345107859775,4.496232435289714,4.35618798653594
0.7662573117293232,3.5119003648201144,4.231757806048541,4.479471256434775,4.311839505834879
0.7788583142355892,3.5112958312778293,4.200027960175359,4.4660201003835605,4.266658503875027
0.7914593167418547,3.510603337556139,4.164648744176659,4.455367287774977,4.2206264752317155
0.8040603192481202,3.509802557738808,4.126164883399429,4.446948341934533,4.173723668577447
0.8166613217543861,3.508866481959168,4.085062519413157,4.4402560135246,4.125928976144078
0.8292623242606516,3.507758485383369,4.04172869245804,4.434880674800436,4.0772198104270645
0.8418633267669176,3.506427752011551,3.996452437792001,4.430509085368503,4.0275719662907905
0.854464329273183,3.5048019076372183,3.996674295347007,4.426907488901123,3.976959466312
0.8670653317794486,3.50277475598318,3.9470963676904938,4.423902678302907,3.9253543868092176
0.8796663342857145,3.5001851219633355,3.8970582766302533,4.421365974505622,3.872726661534244
0.89226733679198,3.4967790316506915,3.8467815650324026,4.419201023655587,3.819043859426202
0.9048683392982455,3.4921400880362095,3.7966475815437946,4.417334914692916,3.764270932122907
0.9174693418045115,3.4855604021796376,3.7473262615345,4.415711830177026,3.7083699260541776
0.930070344310777,3.4758156431045273,3.7000007476229455,4.414288527183974,3.6512996528619914
0.9426713468170425,3.460873960467387,3.6566580881506185,4.413031110470777,3.5930153105443448
0.9552723493233084,3.4379402247240476,3.6200445595855184,4.411912711616905,3.5334680460250687
0.9678733518295739,3.4047430609526796,3.592378125251263,4.410911804046139,3.47260444770595
0.9804743543358398,3.3614227991917645,3.5734598933416457,4.410010966906596,3.410365953819263
0.9930753568421054,3.310147125869729,3.561057771939242,4.409195968398146,3.346688158876013
1.0056763593483709,3.2531918414078214,3.5528248936789875,4.4084550786104435,3.281499995932381
1.0182773618546368,3.192088110087945,3.547151395696144,4.407778548917035,3.214722766405534
1.0308783643609023,3.127710348078962,3.5430753727653737,4.40715821346926,3.146268981238995
1.0434793668671678,3.0605238996635107,3.5400338067753703,4.406587181092112,3.0760409666040975
1.0560803693734337,2.9907565486344376,3.5376893643827154,4.406059594751126,3.003929172950268
1.0686813718796992,2.9184944521305964,3.535832394669359,4.405570441973485,2.9298101064983104
1.0812823743859652,2.8437329809892216,3.5343275343873675,4.405115403997968,2.8535437748375263
1.0938833768922307,2.7664030251494367,3.5330842151596666,4.404690734555154,2.7749704995299647
1.1064843793984962,2.686383764934255,3.5320398690232535,4.404293161417876,2.6939068929356362
1.1190853819047621,2.6035074293287153,3.531150026886973,4.403919805466091,2.610140714948425
1.1316863844110276,2.517558667907701,3.530382277098753,4.403568113149845,2.5234242034911407
1.1442873869172931,2.4282695695096628,3.5297124585170554,4.403235799017467,2.4334652862606965
1.156888389423559,2.3353103416781784,3.529122189009627,4.402920795463946,2.3399157886684185
1.1694893919298246,2.238274806488792,3.52859721572682,4.402621207060174,2.2423552799402002
1.18209039443609,2.136658866883634,3.5281262840794287,4.402335266702463,2.1402684084289687
1.194691396942356,2.029828604332563,3.5277003405903873,4.402061290231835,2.0330122021275163
1.2072923994486215,1.916972098945988,3.5273119524523775,4.401797624783571,1.9197673083389335
1.2198934019548875,1.7970242193535093,3.5269548650479576,4.401542583186831,1.7994623410753787
1.232494404461153,1.668543758487675,3.526623638109868,4.401294350456267,1.6706506530021414
1.2450954069674185,1.529500394446175,3.526313303999017,4.40105083421303,1.531296954577818
1.2576964094736844,1.3768750618029482,3.526018969476882,4.400809395585638,1.3783772871378268
1.27029741197995,1.2058252968745238,3.525735197610506,4.400566297114274,1.2070437500657376
1.2828984144862154,1.007647999335112,3.525454697847789,4.400315361803774,1.0085859524836631
1.295499416992481,0.7633910311084944,3.5251644212422604,4.400043769651525,0.7640387073689123
1.3081004194987473,0.4116407320465214,3.5248264957493975,4.399711178580144,0.41195048252881417
1.3207014220050128,0.4543052475551501,3.524863354265934,4.399748355342699,0.45465185626605914
1.3333024245112783,0.7895845652735844,3.5251930666142415,4.4000711329246265,0.7902608860422222
1.3459034270175438,1.0280313699130368,3.52548149329702,4.400339808441517,1.0289961170712165
1.3585044295238093,1.2230654118887987,3.5257618876115604,4.40058961052354,1.2243105530656242
1.3711054320300748,1.39207571949849,3.526046395001546,4.400832340537306,1.39360536776675
1.3837064345363412,1.543240220587067,3.526342031682314,4.401073839484443,1.545065505234883
1.3963074370426067,1.6811697731819328,3.526654143776748,4.401317702002843,1.6833071696203148
1.4089084395488722,1.808763513726519,3.5269876104099414,4.401566497769186,1.8112343764915673
1.4215094420551377,1.9279826529708022,3.527347428696422,4.401822283847853,1.9308133337131466
1.4341104445614032,2.0402253881947385,3.5277391017144875,4.402086857838494,2.0434477416433054
1.4467114470676696,2.1465284742491866,3.5281689795687408,4.402361900216581,2.150180705237507
1.4593124495739351,2.247684217836087,3.528644628365622,4.40264906429605,2.2518120973041293
1.4719134520802006,2.3443124446228647,3.529175283068066,4.402950040040364,2.348970978473534
1.4845144545864661,2.436906771215355,3.5297724447038945,4.4032666048499856,2.442162466379379
1.4971154570927316,2.525865320240337,3.5304507034063874,4.403600668623944,2.5317992737817203
1.509716459598998,2.611511471497045,3.5312289093940574,4.4039543176530245,2.6182236306983073
1.5223174621052635,2.6941078122671596,3.5321318853207866,4.404329860611888,2.7017229470647024
1.534918464611529,2.773865022834932,3.533192998206011,4.404729879382313,2.7825412701845917
1.5475194671177945,2.8509464585049002,3.5344581319113537,4.405157287353567,2.8608878392241377
1.56012046962406,2.9254683293163817,3.5359920099682336,4.40561539807938,2.936943587754076
1.5727214721303255,2.997494325923178,3.537888591355789,4.40610800768549,3.0108661654073465
1.585322474636592,3.0670218611579956,3.5402887619869765,4.406639495235758,3.0827938709296125
1.5979234771428574,3.1339540221284485,3.543411502168561,4.407214946442977,3.152848771735253
1.610524479649123,3.1980455146618962,3.547610444773134,4.407840307766597,3.221139206524219
1.6231254821553884,3.2588009348918727,3.55347763212342,4.408522580250013,3.287761813752768
1.635726484661654,3.3152947143288194,3.562025230560043,4.409270065678602,3.3528031912719656
1.6483274871679203,3.365921585030103,3.574936434822687,4.410092682176783,3.4163412658788648
1.6609284896741858,3.4083564070229055,3.5946067797122456,4.411002372787713,3.4784464324015376
1.6735294921804513,3.4405391053652625,3.6231601573119416,4.412013639754875,3.539182507981246
1.6861304946867168,3.4625909744309826,3.660533317526106,4.413144250437528,3.5986075368961266
1.6987314971929823,3.4769262061024158,3.704365022878399,4.414416179961704,3.6567744735521917
1.7113324996992478,3.4862974088871286,3.751951112342042,4.415856883682194,3.7137317654302273
1.7239335022055142,3.4926502965568944,3.8013903129333246,4.417501033457713,3.769523853318298
1.7365345047117797,3.497147551150531,3.8515608081182156,4.419392911435134,3.8241916027211906
1.7491355072180452,3.50046142319152,3.901828011398003,4.421589740951692,3.877772677663673
1.7617365097243107,3.50298853046521,3.9518300928482897,4.42416635379461,3.9303018660066993
1.7743375122305762,3.504971693435609,4.001356427992933,4.427221747448049,3.981811363738131
1.7869385147368426,3.506565580679011,4.000832336208675,4.430888249535363,4.0323310243799435
1.7995395172431081,3.507872446477794,4.045934067650362,4.4353440723916995,4.081888578596417
1.8121405197493736,3.5089621878510298,4.089069702289335,4.4408296874734665,4.130509828235041
1.8247415222556391,3.50988401100418,4.129941504227821,4.447666875722392,4.178218818339766
1.8373425247619046,3.5106734626225133,4.168152642093066,4.456274909712265,4.2250379901116295
1.8499435272681701,3.5113568108015167,4.203208745310924,4.467169133795204,4.270988317328603
1.8625445297744365,3.5119538587405237,4.23456403054876,4.4809149596675555,4.316089428354397
1.875145532280702,3.512479802109447,4.261738582324529,4.498010695171885,4.360359715549534
1.8877465347869675,3.512946485787045,4.284489844988596,4.518716150678341,4.4038164336345265
1.900347537293233,3.5133632733242153,4.3029423312332815,4.542923019219885,4.446475788334657
1.9129485397994985,3.513737660664652,4.317568452060329,4.570174126595812,4.48835301645096
1.925549542305765,3.514075717278611,4.329032103435152,4.5998199172033924,4.529462458346126
1.9381505448120304,3.5143824085060005,4.338012867056806,4.6311943190254805,4.56981762370206
1.950751547318296,3.5146618346522613,4.345099018410171,4.663721795352337,4.6094312512939055
1.9633525498245614,3.5149174107784926,4.350754762544332,4.696950163443001,4.648315363429785
1.975953552330827,3.515152003600531,4.355329355345837,4.730541522925176,4.686481315623952
1.9885545548370924,3.5153680369359375,4.359080235532241,4.7642491692058915,4.7239398420009895
2.001155557343359,3.5155675737910688,4.3621962953856155,4.79789436431062,4.76070109686844
2.0137565598496243,3.5157523808926894,4.364816741444818,4.831347514317498,4.796774692843298
2.02635756235589,3.5159239798814967,4.367045109107934,4.864514189775642,4.832169735872768
2.0389585648621553,3.5160836882685462,4.368959293860346,4.8973251266934525,4.8668948574506325
2.051559567368421,3.516232652460152,4.370618632395985,4.929729175096744,4.900958244296634
2.064160569874687,3.5163718745832258,4.372068893185463,4.961688335840766,4.934367665736636
2.0767615723809527,3.5165022344248147,4.373345811288893,4.993174251090136,4.967130498995371
2.089362574887218,3.516624507491433,4.374477613518157,5.024165702551067,4.99925375259093
2.1019635773934837,3.516739379964358,4.375486841087321,5.054646810486338,5.03074408800016
2.114564579899749,3.516847461154973,4.376391679933467,5.084605723482363,5.061607839746558
2.1271655824060147,3.5169492939336333,4.377206942779792,5.114033655032604,5.091851034046782
2.139766584912281,3.517045363505977,4.377944802286729,5.142924167713982,5.121479406138186
2.1523675874185466,3.5171361048338268,4.378615344368693,5.171272635988925,5.150498416397611
2.164968589924812,3.517221908938443,4.379226990170795,5.199075839238225,5.178913265350966
2.1775695924310776,3.5173031282773786,4.3797868210985,5.226331650721629,5.2067289076634555
2.190170594937343,3.5173800813497635,4.380300831546236,5.253038797901475,5.233950065191849
2.2027715974436095,3.517453056655985,4.380774127169289,5.2791966763588665,5.260581239172538
2.215372599949875,3.5175223161147677,4.381211081749225,5.304805204319024,5.286626721612305
2.2279736024561405,3.517588098022329,4.381615462290793,5.329864708208723,5.31209060594268
2.240574604962406,3.5176506196235215,4.381990529535217,5.354375832116289,5.336976796993204
2.2531756074686715,3.5177100793529257,4.382339119294481,5.37833946579996,5.361289020334107
2.265776609974938,3.5177666587941934,4.382663708707313,5.4017566871900184,5.385030831034397
2.2783776124812034,3.517820524398018,4.382966470553654,5.424628716289877,5.408205621877426
2.290978614987469,3.517871828992641,4.383249318046118,5.4469568780961355,5.430816631072407
2.3035796174937344,3.5179207131154504,4.383513941976924,5.468742572694282,5.452866949497052
2.31618062,3.517967306189828,4.3837618416898,5.489987251092863,5.4743595275036325
